query,working_ips,broken_ips,working_types,broken_types,working_rcodes,broken_rcodes,note
0.datadog.pool.ntp.org,,,,,,,No difference detected
01452e5813c541efb602cf88a7a461a2.fp.measure.office.com,,,,,,,No difference detected
1.101.2.10.in-addr.arpa,,,,,,,No difference detected
1.101.46.10.in-addr.arpa,,,,,,,No difference detected
1.2.253.10.in-addr.arpa,,,,,,,No difference detected
10.4.2.10.in-addr.arpa,,,,,,,No difference detected
10.in-addr.arpa,,,,,,,No difference detected
100.16.101.10.in-addr.arpa,,,,,,,No difference detected
101.1.254.10.in-addr.arpa,,,,,,,No difference detected
101.111.251.142.in-addr.arpa,,,,,,,No difference detected
105.10.160.18.in-addr.arpa,,,,,,,No difference detected
10KW014.elwyn.org,,,,,,,No difference detected
114.40.96.52.in-addr.arpa,,,,,,,No difference detected
11FS233.elwyn.org,,,,,,,No difference detected
11FW233.elwyn.org,,,,,,,No difference detected
120.239.72.170.in-addr.arpa,,,,,,,No difference detected
123.0.71.10.in-addr.arpa,,,,,,,No difference detected
131.40.251.142.in-addr.arpa,,,,,,,No difference detected
135.40.33.23.in-addr.arpa,,,,,,,No difference detected
136.133.44.23.in-addr.arpa,,,,,,,No difference detected
136.218.218.23.in-addr.arpa,,,,,,,No difference detected
143.147.12.23.in-addr.arpa,,,,,,,No difference detected
145.71.24.184.in-addr.arpa,,,,,,,No difference detected
149.0.71.10.in-addr.arpa,,,,,,,No difference detected
150.1.254.10.in-addr.arpa,,,,,,,No difference detected
153.133.44.23.in-addr.arpa,,,,,,,No difference detected
157.11.60.10.in-addr.arpa,,,,,,,No difference detected
158.41.18.104.in-addr.arpa,,,,,,,No difference detected
162.179.97.52.in-addr.arpa,,,,,,,No difference detected
162.84.112.52.in-addr.arpa,,,,,,,No difference detected
170.95.112.52.in-addr.arpa,,,,,,,No difference detected
171.1.254.10.in-addr.arpa,,,,,,,No difference detected
178.1.168.192.in-addr.arpa,,,,,,,No difference detected
18.112.162.3.in-addr.arpa,,,,,,,No difference detected
19.1.61.10.in-addr.arpa,,,,,,,No difference detected
193587-ipv4v6c.farm.dprodmgd105.aa-rt.sharepoint.com,,,,,,,No difference detected
193587-ipv4v6fdse.gr.global.aa-rt.sharepoint.com,,,,,,,No difference detected
194.190.190.20.in-addr.arpa,,,,,,,No difference detected
197.71.211.48.in-addr.arpa,,,,,,,No difference detected
1BRTGS1.elwyn.org,,,,,,,No difference detected
1C83H24.elwyn.org,,,,,,,No difference detected
1D.tlu.dl.delivery.mp.microsoft.com,,,,,,,No difference detected
1GZNQD2.elwyn.org,,,,,,,No difference detected
1K0NX64.elwyn.org,,,,,,,No difference detected
1TTG344.elwyn.org,,,,,,,No difference detected
2.90.98.52.in-addr.arpa,,,,,,,No difference detected
2.au.download.windowsupdate.com,,,,,,,No difference detected
2.b.0.d.4.a.b.6.6.f.6.4.a.c.c.1.0.0.0.0.0.0.0.0.0.0.0.0.0.8.e.f.ip6.arpa,,,,,,,No difference detected
20.200.255.10.in-addr.arpa,,,,,,,No difference detected
208.143.182.52.in-addr.arpa,,,,,,,No difference detected
209.155.64.172.in-addr.arpa,,,,,,,No difference detected
210.47.97.52.in-addr.arpa,,,,,,,No difference detected
212.101.46.10.in-addr.arpa,,,,,,,No difference detected
224.87.112.52.in-addr.arpa,,,,,,,No difference detected
225.106.10.10.in-addr.arpa,,,,,,,No difference detected
225.245.72.170.in-addr.arpa,,,,,,,No difference detected
22552-ipv4v6c.clump.dprodmgd105.aa-rt.sharepoint.com,,,,,,,No difference detected
22552-ipv4v6e.clump.dprodmgd105.aa-rt.sharepoint.com,,,,,,,No difference detected
226.232.97.52.in-addr.arpa,,,,,,,No difference detected
2288-ms-7.132-181714b4.c020dd2d-8563-11f0-a5e7-f46d3f3c5329,,,,,,,No difference detected
233.0.61.10.in-addr.arpa,,,,,,,No difference detected
24.200.255.10.in-addr.arpa,,,,,,,No difference detected
24.98.2.10.in-addr.arpa,,,,,,,No difference detected
244.164.62.23.in-addr.arpa,,,,,,,No difference detected
2444-ms-7.134-f46e65e.03892988-86bc-11f0-a466-0072ee527992,,,,,,,No difference detected
25.200.255.10.in-addr.arpa,,,,,,,No difference detected
25.25.2.10.in-addr.arpa,,,,,,,No difference detected
254.50.168.192.in-addr.arpa,,,,,,,No difference detected
27.6.222.44.in-addr.arpa,,,,,,,No difference detected
28bb12d3edf8f4bfa746-bf8d699ba3499c02c5fccdf991fefc0c.ssl.cf1.rackcdn.com,,,,,,,No difference detected
2CNCXMZ.elwyn.org,,,,,,,No difference detected
2H0NX64.elwyn.org,,,,,,,No difference detected
3.101.32.10.in-addr.arpa,,,,,,,No difference detected
3.au.download.windowsupdate.com,,,,,,,No difference detected
3.tlu.dl.delivery.mp.microsoft.com,,,,,,,No difference detected
30.17.2.10.in-addr.arpa,,,,,,,No difference detected
30.22.2.10.in-addr.arpa,,,,,,,No difference detected
32.173.157.108.in-addr.arpa,,,,,,,No difference detected
328GSN2.elwyn.org,,,,,,,No difference detected
37WX663.elwyn.org,,,,,,,No difference detected
3SJJH13.elwyn.org,,,,,,,No difference detected
3SLKH13.elwyn.org,,,,,,,No difference detected
3SLNH13.elwyn.org,,,,,,,No difference detected
4-prod-dynamite-prod-00-us-signaler-pa.clients6.google.com,,,,,,,No difference detected
4.101.32.10.in-addr.arpa,,,,,,,No difference detected
401-VMHOST01.elwyn.org,,,,,,,No difference detected
42.220.96.104.in-addr.arpa,,,,,,,No difference detected
4246PW2.elwyn.org,,,,,,,No difference detected
43.16.101.10.in-addr.arpa,,,,,,,No difference detected
44fe5ad4-c9ae-4a42-9bed-1f59299e0168.oms.opinsights.azure.com,,,,,,,No difference detected
45.112.167.3.in-addr.arpa,,,,,,,No difference detected
45.16.2.10.in-addr.arpa,,,,,,,No difference detected
47.32.18.104.in-addr.arpa,,,,,,,No difference detected
48BWS93.elwyn.org,,,,,,,No difference detected
4TNRZV2.elwyn.org,,,,,,,No difference detected
4Z2GPX3.elwyn.org,,,,,,,No difference detected
5.16.2.10.in-addr.arpa,,,,,,,No difference detected
5.173.189.20.in-addr.arpa,,,,,,,No difference detected
5.4.168.192.in-addr.arpa,,,,,,,No difference detected
5.42.2.10.in-addr.arpa,,,,,,,No difference detected
56.13.60.10.in-addr.arpa,,,,,,,No difference detected
5SR5CV2.elwyn.org,,,,,,,No difference detected
6-courier.push.apple.com,,,,,,,No difference detected
6.4.2.10.in-addr.arpa,,,,,,,No difference detected
6.courier-push-apple.com.akadns.net,,,,,,,No difference detected
60.0.73.10.in-addr.arpa,,,,,,,No difference detected
60.215.171.35.in-addr.arpa,,,,,,,No difference detected
61.76.67.18.in-addr.arpa,,,,,,,No difference detected
614GPX3.elwyn.org,,,,,,,No difference detected
62ea30a39dede4f6d44ac289591051076c294526.cws.conviva.com,,,,,,,No difference detected
66.134.3.23.in-addr.arpa,,,,,,,No difference detected
66.251.107.52.in-addr.arpa,,,,,,,No difference detected
68.239.69.13.in-addr.arpa,,,,,,,No difference detected
6CBWS93.elwyn.org,,,,,,,No difference detected
6H0NX64.elwyn.org,,,,,,,No difference detected
6de1172a-d143-4cc0-b477-f987a98b467b.ods.opinsights.azure.com,,,,,,,No difference detected
7.173.189.20.in-addr.arpa,,,,,,,No difference detected
7.49.2.10.in-addr.arpa,,,,,,,No difference detected
72.0.75.10.in-addr.arpa,,,,,,,No difference detected
73.178.89.52.in-addr.arpa,,,,,,,No difference detected
75.218.218.23.in-addr.arpa,,,,,,,No difference detected
779Y563.elwyn.org,,,,,,,No difference detected
78.218.218.23.in-addr.arpa,,,,,,,No difference detected
79.1.254.10.in-addr.arpa,,,,,,,No difference detected
79.101.50.10.in-addr.arpa,,,,,,,No difference detected
7GSH663.elwyn.org,,,,,,,No difference detected
7M2BPN2.elwyn.org,,,,,,,No difference detected
82.38.96.52.in-addr.arpa,,,,,,,No difference detected
8BC2Q93.elwyn.org,,,,,,,No difference detected
8DR4853.elwyn.org,,,,,,,No difference detected
9346PW2.elwyn.org,,,,,,,No difference detected
95bc009c-af4a-4b4a-9a97-5435e5b63cc9.ods.opinsights.azure.com,,,,,,,No difference detected
95bc009c-af4a-4b4a-9a97-5435e5b63cc9.oms.opinsights.azure.com,,,,,,,No difference detected
97.220.96.104.in-addr.arpa,,,,,,,No difference detected
99.255.66.18.in-addr.arpa,,,,,,,No difference detected
9H0NX64.elwyn.org,,,,,,,No difference detected
9J0NX64.elwyn.org,,,,,,,No difference detected
9YNQYN2.elwyn.org,,,,,,,No difference detected
<Root>,,,,,,,No difference detected
BB83H24.elwyn.org,,,,,,,No difference detected
Brookhaven-DC.elwyn.org,,,,,,,No difference detected
CDRG344.elwyn.org,,,,,,,No difference detected
CJLXLT2.elwyn.org,,,,,,,No difference detected
CKTG344.elwyn.org,,,,,,,No difference detected
CLPYTV3.elwyn.org,,,,,,,No difference detected
CRZH663.elwyn.org,,,,,,,No difference detected
D4HT7S3.elwyn.org,,,,,,,No difference detected
D7XX663.elwyn.org,,,,,,,No difference detected
DBBWS93.elwyn.org,,,,,,,No difference detected
DESKTOP-C6N1CJ4.elwyn.org,,,,,,,No difference detected
DTB02B3.elwyn.org,,,,,,,No difference detected
Elwyn8b039V8mBq.elwyn.org,,,,,,,No difference detected
ElwynW902lOyMaS.elwyn.org,,,,,,,No difference detected
F2WVFX3.elwyn.org,,,,,,,No difference detected
F8BWS93.elwyn.org,,,,,,,No difference detected
FB6HQ22.elwyn.org,,,,,,,No difference detected
FHVG344.elwyn.org,,,,,,,No difference detected
FMK4H13.elwyn.org,,,,,,,No difference detected
FS02.elwyn.org,,,,,,,No difference detected
FXK2LS1.elwyn.org,,,,,,,No difference detected
G03SR93.elwyn.org,,,,,,,No difference detected
G24GPX3.elwyn.org,,,,,,,No difference detected
GVVJSG3.elwyn.org,,,,,,,No difference detected
H2LY663.elwyn.org,,,,,,,No difference detected
HBC2Q93.elwyn.org,,,,,,,No difference detected
HL485B3.elwyn.org,,,,,,,No difference detected
HLYT233.elwyn.org,,,,,,,No difference detected
IntuneTestA6t49.elwyn.org,,,,,,,No difference detected
JPZX663.elwyn.org,,,,,,,No difference detected
Katsura.elwyn.org,,,,,,,No difference detected
Katsura.elwyn.org.customer.bitleap.net,,,,,,,No difference detected
MNZ-efz.ms-acdc.office.com,,,,,,,No difference detected
MSG209W214233W.elwyn.org,,,,,,,No difference detected
MSG20MR214233W.elwyn.org,,,,,,,No difference detected
NPS,,,,,,,No difference detected
NPS.rtkbox.arcticwolf.net,,,,,,,No difference detected
Rosebud.elwyn.org,,,,,,,No difference detected
SFTPLNX02.reddog.microsoft.com,,,,,,,No difference detected
SPROUT-ADFSTEST,,,,,,,No difference detected
Shield.elwyn.org,,,,,,,No difference detected
VIRGINPALM02.elwyn.org,,,,,,,No difference detected
WATEROAK.elwyn.org,,,,,,,No difference detected
WaterOak.elwyn.org,,,,,,,No difference detected
_dns.resolver.arpa,,,,,,,No difference detected
_http._tcp.azure.archive.ubuntu.com,,,,,,,No difference detected
_http._tcp.security.ubuntu.com,,,,,,,No difference detected
_https._tcp.esm.ubuntu.com,,,,,,,No difference detected
_ldap._tcp.5a7d9fa2-3a95-4039-83df-cca171fbb342.domains._msdcs.elwyn.org,,,,,,,No difference detected
_ldap._tcp.NBroad._sites.dc._msdcs.elwyn.org,,,,,,,No difference detected
_ldap._tcp.NBroad._sites.elwyn.org,,,,,,,No difference detected
_ldap._tcp.dc._msdcs.PROFILERPRES.elwyn.org,,,,,,,No difference detected
_ldap._tcp.dc._msdcs.PROFILERPRES.reddog.microsoft.com,,,,,,,No difference detected
_ldap._tcp.dc._msdcs.elwyn.org,,,,,,,No difference detected
_ldap._tcp.elwyn.org,,,,,,,No difference detected
_ldap._tcp.pdc._msdcs.elwyn.org,,,,,,,No difference detected
_sip._udp.proxy.ewy8.tnltd.net,,,,,,,No difference detected
_sips._tcp.fp-us-att.rcs.telephony.goog,,,,,,,No difference detected
_sips._tcp.proxy.ewy8.tnltd.net,,,,,,,No difference detected
_sips._tcp.s6-mst.vonageservices.com,,,,,,,No difference detected
_xmpp-client._tcp.scs.samsungqbe.com,,,,,,,No difference detected
_xsi-client._tcp.webex-app-1a.v.vonageservices.com,,,,,,,No difference detected
_xsi-client._tcp.webex-cloud.v.vonageservices.com,,,,,,,No difference detected
a-difbd.data.emb-api.com,,,,,,,No difference detected
a124.dscd.akamai.net,,,,,,,No difference detected
a1666.dscr.akamai.net,,,,,,,No difference detected
a1683.dscd.akamai.net,,,,,,,No difference detected
a1813.dscd.akamai.net,,,,,,,No difference detected
a1834.dscg2.akamai.net,,,,,,,No difference detected
a1894.dscb.akamai.net,,,,,,,No difference detected
a1961.g2.akamai.net,,,,,,,No difference detected
a365rpprodeastus-1-a365data.eastus.cloudapp.azure.com,,,,,,,No difference detected
a726.dscd.akamai.net,,,,,,,No difference detected
a767.dscg3.akamai.net,,,,,,,No difference detected
a767.dspw65.akamai.net,,,,,,,No difference detected
aax-events-cell01-cf.us-east.aps.axp.amazon-adsystem.com,,,,,,,No difference detected
abbj2dfaaaaaaaambwrcrsojvxyuc.s3-iad-2.cf.dash.row.aiv-cdn.net,,,,,,,No difference detected
accounts.google.com,,,,,,,No difference detected
acl-r.wbx2.com,,,,,,,No difference detected
acrobat.adobe.com,,,,,,,No difference detected
activate.agent-common.prod.us001-prod.arcticwolf.net,,,,,,,No difference detected
addin.insights.static.microsoft,,,,,,,No difference detected
adobeid-na1.services.adobe.com,,,,,,,No difference detected
ads.adelement.com,,,,,,,No difference detected
ads.imppxl.com,,,,,,,No difference detected
advmetric-black.eastus.cloudapp.azure.com,,,,,,,No difference detected
advmetric-black.prod.microsoftmetrics.com,,,,,,,No difference detected
advmetric-red.prod.microsoftmetrics.com,,,,,,,No difference detected
advmetric-red.westus.cloudapp.azure.com,,,,,,,No difference detected
advmetric.prod.microsoftmetrics.com,,,,,,,No difference detected
advmetric.prod.msftmetrics.trafficmanager.net,,,,,,,No difference detected
ae.iads.unity3d.com,,,,,,,No difference detected
afd-eus-guestagentsvc-prod.trafficmanager.net,,,,,,,No difference detected
afd-eus2-guestagentsvc-prod.trafficmanager.net,,,,,,,No difference detected
afdcanary.officeapps.live.com,,,,,,,No difference detected
agents.amsua0202.manage.microsoft.com,,,,,,,No difference detected
aks-prod-eastus.access-point.cloudmessaging.edge.microsoft.com,,,,,,,No difference detected
alldcs.outbrain.org,,,,,,,No difference detected
amcs-prod-eus-1-handler.eastus.cloudapp.azure.com,,,,,,,No difference detected
amcs-prod-global-handler.trafficmanager.net,,,,,,,No difference detected
amplify-imp.outbrain.com,,,,,,,No difference detected
amsua0202sfring.centralus.cloudapp.azure.com,,,,,,,No difference detected
android.apis.google.com,,,,,,,No difference detected
apheleia-r.wbx2.com,,,,,,,No difference detected
api-sdk.datadome.co,,,,,,,No difference detected
api-us1.xbc.trendmicro.com,,,,,,,No difference detected
api.account.samsung.com,,,,,,,No difference detected
api.bbs.barracudanetworks.com,,,,,,,No difference detected
api.creditkarma.com,,,,,,,No difference detected
api.cs.roku.com,,,,,,,No difference detected
api.edge-gateway.siriusxm.com,,,,,,,No difference detected
api.flightproxy.teams.microsoft.com,,,,,,,No difference detected
api.flightproxy.teams.trafficmanager.net,,,,,,,No difference detected
api.honeycomb.io,,,,,,,No difference detected
api.roku.com,,,,,,,No difference detected
api16-core-useast5.tiktokv.us,,,,,,,No difference detected
api16-normal-useast5.tiktokv.us,,,,,,,No difference detected
api19-core-useast5.tiktokv.us,,,,,,,No difference detected
api19-normal-useast5.tiktokv.us,,,,,,,No difference detected
apiproxy-logging-s3-9b3ecee3f3b65520.elb.us-east-2.amazonaws.com,,,,,,,No difference detected
app-analytics-services.com,,,,,,,No difference detected
app-measurement.com,,,,,,,No difference detected
appgwhspd01-ext-v2-ag1.usgovvirginia.cloudapp.usgovcloudapi.net,,,,,,,No difference detected
apps.docusign.com,,,,,,,No difference detected
arc-0001.arc-msedge.net,,,,,,,No difference detected
arc.arc-0001.arc-msedge.net,,,,,,,No difference detected
arc.msn.com,,,,,,,No difference detected
arc.trafficmanager.net,,,,,,,No difference detected
arcus-uswest.amazon.com,,,,,,,No difference detected
argonaut-r.wbx2.com,,,,,,,No difference detected
array616.prod.do.dsp.mp.microsoft.com,,,,,,,No difference detected
assets.adobedtm.com,,,,,,,No difference detected
assets.msn.com,,,,,,,No difference detected
atlas-api-a.wbx2.com,,,,,,,No difference detected
atv-ps.amazon.com,,,,,,,No difference detected
au.download.windowsupdate.com,,,,,,,No difference detected
augloop-prod-pd05.eastus2.cloudapp.azure.com,,,,,,,No difference detected
augloop-prod.trafficmanager.net,,,,,,,No difference detected
augloop.office.com,,,,,,,No difference detected
augloop.svc.cloud.microsoft,,,,,,,No difference detected
auth.grammarly.com,,,,,,,No difference detected
auth.split.io,,,,,,,No difference detected
autodiscover-s.outlook.com,,,,,,,No difference detected
avatar-prod-us-east-2.webexcontent.com,,,,,,,No difference detected
avatar-prod-us-west-2.webexcontent.com,,,,,,,No difference detected
avatar-r.wbx2.com,,,,,,,No difference detected
avatarnx-9928ccfa02c5722d.elb.us-east-2.amazonaws.com,,,,,,,No difference detected
avs-alexa-19-na.amazon.com,,,,,,,No difference detected
az667904.vo.msecnd.net,,,,,,,No difference detected
azat-eus2-sf-jrdssvcx2-zr.eastus2.cloudapp.azure.com,,,,,,,No difference detected
azure.archive.ubuntu.com,,,,,,,No difference detected
azuredc10.elwyn.org,,,,,,,No difference detected
azuredc11.elwyn.org,,,,,,,No difference detected
b-0005.b-msedge.net,,,,,,,No difference detected
b-graph.facebook.com,,,,,,,No difference detected
b1.nel.goog,,,,,,,No difference detected
bac-api.barracudanetworks.com,,,,,,,No difference detected
barracuda,,,,,,,No difference detected
barracuda.customer.bitleap.net,,,,,,,No difference detected
beacons.gcp.gvt2.com,,,,,,,No difference detected
bfp.global.dual.dotomi.weighted.com.akadns.net,,,,,,,No difference detected
bhnx.netsmartcloud.com,,,,,,,No difference detected
binaries.webex.com,,,,,,,No difference detected
blob.blz21prdstrz10a.trafficmanager.net,,,,,,,No difference detected
blob.blz25prdstrz07a.trafficmanager.net,,,,,,,No difference detected
blob.iad02prdstrz03a.trafficmanager.net,,,,,,,No difference detected
board-r.wbx2.com,,,,,,,No difference detected
bobdi-exter-1vqeilnw5zym1-5134ab8e5a874149.elb.us-east-1.amazonaws.com,,,,,,,No difference detected
brookhaven-dc.elwyn.org,,,,,,,No difference detected
browser.events.data.microsoft.com,,,,,,,No difference detected
browser.pipe.aria.microsoft.com,,,,,,,No difference detected
bytedance.map.fastly.net,,,,,,,No difference detected
c.pki.goog,,,,,,,No difference detected
cacerts.digicert.com,,,,,,,No difference detected
calendar-r.wbx2.com,,,,,,,No difference detected
call-rendezvous-r.wbx2.com,,,,,,,No difference detected
callcenter-1a.v.vonageservices.com,,,,,,,No difference detected
calliope-anycast.prod.infra.webex.com,,,,,,,No difference detected
canary-geo.wac.trafficmanager.net,,,,,,,No difference detected
canary.officeapps.live.com,,,,,,,No difference detected
candycrush-live.ext.p.midasplayer.cloud,,,,,,,No difference detected
capi.grammarly.com,,,,,,,No difference detected
cas-dc.splashtop.com,,,,,,,No difference detected
cdn-settings.segment.com,,,,,,,No difference detected
cdn-v4.amp-endpoint3.com,,,,,,,No difference detected
cdn-v6.amp-endpoint3.com,,,,,,,No difference detected
cdn-v6.amp-endpoint3.com.elwyn.org,,,,,,,No difference detected
cdn.honey.io,,,,,,,No difference detected
cdn.iads.unity3d.com,,,,,,,No difference detected
cdn.native.creditkarma.com,,,,,,,No difference detected
cdn.oaistatic.com,,,,,,,No difference detected
cdn.walkme.com,,,,,,,No difference detected
cdn3.forter.com,,,,,,,No difference detected
census-app.scorecardresearch.com,,,,,,,No difference detected
chatgpt.com,,,,,,,No difference detected
ciscowebex.d1.sc.omtrdc.net,,,,,,,No difference detected
cl2-cdn.origin-apple.com.akadns.net,,,,,,,No difference detected
cl2.apple.com,,,,,,,No difference detected
cl2.g.aaplimg.com,,,,,,,No difference detected
client-logs-r.wbx2.com,,,,,,,No difference detected
client-upgrade-a.wbx2.com,,,,,,,No difference detected
client.wns.windows.com,,,,,,,No difference detected
clients.config.office.net,,,,,,,No difference detected
clients2.google.com,,,,,,,No difference detected
clients3.google.com,,,,,,,No difference detected
clienttracing-pa.googleapis.com,,,,,,,No difference detected
cloud-mirror-lb.eastus.cloudapp.azure.com,,,,,,,No difference detected
cloud-rd.aerohive.com,,,,,,,No difference detected
cloudinary-res-news.isappcloud.com,,,,,,,No difference detected
common-geo.wac.trafficmanager.net,,,,,,,No difference detected
common.online.office.com,,,,,,,No difference detected
config-teams.s-0005.dual-s-msedge.net,,,,,,,No difference detected
config.edge.skype.com,,,,,,,No difference detected
config.edge.skype.com.trafficmanager.net,,,,,,,No difference detected
config.teams.microsoft.com,,,,,,,No difference detected
config.teams.trafficmanager.net,,,,,,,No difference detected
connectivity-test.static.microsoft,,,,,,,No difference detected
connectivity-test.usercontent.microsoft,,,,,,,No difference detected
connectivitycheck.gstatic.com,,,,,,,No difference detected
contacts-service-r.wbx2.com,,,,,,,No difference detected
conv-r.wbx2.com,,,,,,,No difference detected
copilot.cloud.microsoft,,,,,,,No difference detected
core-b8mf.tk0x1.com,,,,,,,No difference detected
cosmic-southcentralus-ns-3775dd20150e.trafficmanager.net,,,,,,,No difference detected
cp801.prod.do.dsp.mp.microsoft.com,,,,,,,No difference detected
crashlyticsreports-pa.googleapis.com,,,,,,,No difference detected
crl.edge.digicert.com,,,,,,,No difference detected
crl3.digicert.com,,,,,,,No difference detected
csdm-r.wbx2.com,,,,,,,No difference detected
csi.gstatic.com,,,,,,,No difference detected
ctldl.windowsupdate.com,,,,,,,No difference detected
cws-sjc2-rdc2.conviva.com,,,,,,,No difference detected
cws.conviva.com,,,,,,,No difference detected
d.applovin.com,,,,,,,No difference detected
d1jvc9b8z3vcjs.cloudfront.net,,,,,,,No difference detected
d2xvo51pr40ne7.cloudfront.net,,,,,,,No difference detected
d3t2yxw1bfe573.cloudfront.net,,,,,,,No difference detected
data.grammarly.com,,,,,,,No difference detected
dc.services.visualstudio.com,,,,,,,No difference detected
dcg.microsoft.com,,,,,,,No difference detected
default.exp-tas.com,,,,,,,No difference detected
det-ta-g7g.amazon.com,,,,,,,No difference detected
developer-applications-r.wbx2.com,,,,,,,No difference detected
device-metrics-us-2.amazon.com,,,,,,,No difference detected
devicelistenerprod.microsoft.com,,,,,,,No difference detected
dgw.c10r.facebook.com,,,,,,,No difference detected
directory-search-r.wbx2.com,,,,,,,No difference detected
disc601.prod.do.dsp.mp.microsoft.com,,,,,,,No difference detected
displaycatalog-rp.md.mp.microsoft.com.akadns.net,,,,,,,No difference detected
displaycatalog.mp.microsoft.com,,,,,,,No difference detected
dl.delivery.mp.microsoft.com,,,,,,,No difference detected
dls.di.atlas.samsung.com,,,,,,,No difference detected
dms-mc.v.vonageservices.com,,,,,,,No difference detected
dns.google,,,,,,,No difference detected
docs.google.com,,,,,,,No difference detected
dp-discovery-na-ext.amazon.com,,,,,,,No difference detected
drafts-r.wbx2.com,,,,,,,No difference detected
drivefrontend-pa.googleapis.com,,,,,,,No difference detected
ds.ciscospark.com,,,,,,,No difference detected
dual-s-ring-fallback.msedge.net,,,,,,,No difference detected
dual-s-ring.msedge.net,,,,,,,No difference detected
dualstack.guardian.map.fastly.net,,,,,,,No difference detected
dvngqx971z8e6.cloudfront.net,,,,,,,No difference detected
e10370.d.akamaiedge.net,,,,,,,No difference detected
e12358.d.akamaiedge.net,,,,,,,No difference detected
e12437.d.akamaiedge.net,,,,,,,No difference detected
e12564.dspb.akamaiedge.net,,,,,,,No difference detected
e12923.a.akamaiedge.net,,,,,,,No difference detected
e6249.b.akamaiedge.net,,,,,,,No difference detected
e673.dsce9.akamaiedge.net,,,,,,,No difference detected
e86303.dscx.akamaiedge.net,,,,,,,No difference detected
e8652.dscx.akamaiedge.net,,,,,,,No difference detected
eastus-8.in.applicationinsights.azure.com,,,,,,,No difference detected
eastus-gas.guestconfiguration.azure.com,,,,,,,No difference detected
eastus-shared.prod.warm.ingest.monitor.core.windows.net,,,,,,,No difference detected
eastus2-gas.guestconfiguration.azure.com,,,,,,,No difference detected
easylist-downloads.adblockplus.org,,,,,,,No difference detected
ecs-office.s-0005.dual-s-msedge.net,,,,,,,No difference detected
ecs.office.com,,,,,,,No difference detected
edge-cloudmessaging-access-point-aks-prod-eastus.eastus.cloudapp.azure.com,,,,,,,No difference detected
edge-microsoft-com.ax-0002.ax-msedge.net,,,,,,,No difference detected
edge-mqtt-fallback.facebook.com,,,,,,,No difference detected
edge-mqtt.facebook.com,,,,,,,No difference detected
edge.gycpi.b.yahoodns.net,,,,,,,No difference detected
edge.microsoft.com,,,,,,,No difference detected
edr-eus.us.endpoint.security.microsoft.com,,,,,,,No difference detected
el-az-synw-adam-dev.dev.azuresynapse.net,,,,,,,No difference detected
elazdriverprod87ac.blob.core.windows.net,,,,,,,No difference detected
elwyn.org,,,,,,,No difference detected
elwyn365-my.sharepoint.com,,,,,,,No difference detected
elwyn365.sharepoint.com,,,,,,,No difference detected
elwyncertdeployment.file.core.windows.net,,,,,,,No difference detected
elwynprint.us.uniflowonline.com,,,,,,,No difference detected
embedded.creditkarma.com,,,,,,,No difference detected
encryption-r.wbx2.com,,,,,,,No difference detected
esm.ubuntu.com,,,,,,,No difference detected
eu.frontend.clouddatahub.net,,,,,,,No difference detected
eu0-portal-lb-6634a12d2ee4aa7e.elb.eu-west-1.amazonaws.com,,,,,,,No difference detected
eu2.frontend.clouddatahub.net,,,,,,,No difference detected
euc-excel-telemetry.officeapps.live.com,,,,,,,No difference detected
eus2-jobruntimedata-prod-arm-1.trafficmanager.net,,,,,,,No difference detected
events.engager.ecbsn.com,,,,,,,No difference detected
events.glanceapis.com,,,,,,,No difference detected
events.swishapps.ai,,,,,,,No difference detected
ewy8-390.webex.com,,,,,,,No difference detected
excel-telemetry.officeapps.live.com,,,,,,,No difference detected
excel-telemetry.wac.trafficmanager.net,,,,,,,No difference detected
exo.nel.measure.office.net,,,,,,,No difference detected
extension.femetrics.grammarly.io,,,,,,,No difference detected
extremecloudiq.com,,,,,,,No difference detected
f604414692f2df48333e8204fb7715c3.fp.measure.office.com,,,,,,,No difference detected
fb788ee3e13c37e386c4fc5c50068dbd4f2d37ac192335d0d1dfd07cb52635b.us-east-1.prod.service.minerva.devices.a2z.com,,,,,,,No difference detected
fd-api-iris.trafficmanager.net,,,,,,,No difference detected
fd.api.iris.microsoft.com,,,,,,,No difference detected
fe-pew1-ext-openapi-lb-547958838.eu-west-1.elb.amazonaws.com,,,,,,,No difference detected
fe3cr.delivery.mp.microsoft.com,,,,,,,No difference detected
feature-r.wbx2.com,,,,,,,No difference detected
ffa8df3d-73bb-452c-9d6b-e1a06abf04ce.rddiagnostics-g-us-r1.wvd.microsoft.com,,,,,,,No difference detected
files-api-r.wbx2.com,,,,,,,No difference detected
files-prod-us-west-2.webexcontent.com,,,,,,,No difference detected
files.ivaws.com,,,,,,,No difference detected
filtering-r.wbx2.com,,,,,,,No difference detected
firebaselogging.googleapis.com,,,,,,,No difference detected
firebaseremoteconfig.googleapis.com,,,,,,,No difference detected
firebaseremoteconfigrealtime.googleapis.com,,,,,,,No difference detected
fls-na.amazon.com,,,,,,,No difference detected
fp-us-att.rcs.telephony.goog,,,,,,,No difference detected
fpc.msedge.net,,,,,,,No difference detected
fs01.elwyn.org,,,,,,,No difference detected
fscdn.eppo.cloud,,,,,,,No difference detected
g-msn-afd.trafficmanager.net,,,,,,,No difference detected
g.live.com,,,,,,,No difference detected
gateway-prod-gw-eastus-5-tls10-g2.eastus.cloudapp.azure.com,,,,,,,No difference detected
gateway.facebook.com,,,,,,,No difference detected
gateway.grammarly.com,,,,,,,No difference detected
gateway.instagram.com,,,,,,,No difference detected
gateway.prod.us-east-1.forester.a2z.com,,,,,,,No difference detected
gbl.his.arc.azure.com,,,,,,,No difference detected
gbl.his.hybridcompute.trafficmanager.net,,,,,,,No difference detected
gcs.prod.monitoring.core.windows.net,,,,,,,No difference detected
geo.clients.config.office.akadns.net,,,,,,,No difference detected
geoprox-js-sdk.datadome.co,,,,,,,No difference detected
geover.prod.do.dsp.mp.microsoft.com,,,,,,,No difference detected
gig-warm-prod-qos.trafficmanager.net,,,,,,,No difference detected
global.handler.control.monitor.azure.com,,,,,,,No difference detected
global.in.ai.monitor.azure.com,,,,,,,No difference detected
global.telemetry.insights.video.a2z.com,,,,,,,No difference detected
gnar.grammarly.com,,,,,,,No difference detected
go.trouter.teams.microsoft.com,,,,,,,No difference detected
goldeneagle.elwyn.org,,,,,,,No difference detected
googleads.g.doubleclick.net,,,,,,,No difference detected
googlehosted.l.googleusercontent.com,,,,,,,No difference detected
graph-next.fp.measure.office.com,,,,,,,No difference detected
graph.facebook.com,,,,,,,No difference detected
graph.microsoft.com,,,,,,,No difference detected
gspe79-cdn.g.aaplimg.com,,,,,,,No difference detected
gspe79-ssl.ls.apple.com,,,,,,,No difference detected
gue1-spclient.spotify.com,,,,,,,No difference detected
hosted-frontend-2020-558732567.us-east-1.elb.amazonaws.com,,,,,,,No difference detected
i.ytimg.com,,,,,,,No difference detected
ib.isappcloud.com,,,,,,,No difference detected
idbroker-b-us.webex.com,,,,,,,No difference detected
identity-b-us.webex.com,,,,,,,No difference detected
identity.nel.measure.office.net,,,,,,,No difference detected
images.outbrainimg.com,,,,,,,No difference detected
img-s-msn-com.akamaized.net,,,,,,,No difference detected
incidents.diagnostics.office.com,,,,,,,No difference detected
insights-r.webex.com,,,,,,,No difference detected
internal.cashappapi.com,,,,,,,No difference detected
iphone-ld.apple.com,,,,,,,No difference detected
iphone-ld.v.aaplimg.com,,,,,,,No difference detected
ipv4-cses-oms-eus-az02-prod.eastus.cloudapp.azure.com,,,,,,,No difference detected
ipv4-cses-oms-eus-prod.eastus.cloudapp.azure.com,,,,,,,No difference detected
ipv4-eus-oi-ods-cses-h.eastus.cloudapp.azure.com,,,,,,,No difference detected
ipv4-eus-oi-ods-cses-i.eastus.cloudapp.azure.com,,,,,,,No difference detected
ipv4probe.office.com,,,,,,,No difference detected
itunes.apple.com,,,,,,,No difference detected
jabber-integration-r.wbx2.com,,,,,,,No difference detected
janus-r.wbx2.com,,,,,,,No difference detected
jeffreypine.elwyn.org,,,,,,,No difference detected
js.klarna.com,,,,,,,No difference detected
kdfw7.sips.vonageservices.com,,,,,,,No difference detected
kinesis.us-east-1.amazonaws.com,,,,,,,No difference detected
kphx6.sips.vonageservices.com,,,,,,,No difference detected
kslc6.sips.vonageservices.com,,,,,,,No difference detected
kv601.prod.do.dsp.mp.microsoft.com,,,,,,,No difference detected
kv801.prod.do.dsp.mp.microsoft.com,,,,,,,No difference detected
lh3.googleusercontent.com,,,,,,,No difference detected
liberty.logs.roku.com,,,,,,,No difference detected
license-r.wbx2.com,,,,,,,No difference detected
locationhistoryaggregates-pa.googleapis.com,,,,,,,No difference detected
locus-r.wbx2.com,,,,,,,No difference detected
login.live.com,,,,,,,No difference detected
login.microsoftonline.com,,,,,,,No difference detected
logs.netflix.com,,,,,,,No difference detected
logs.us-east-2.internal.dradis.netflix.com,,,,,,,No difference detected
loki.delve.office.com,,,,,,,No difference detected
ls-recog.fing.com,,,,,,,No difference detected
lyra-r.wbx2.com,,,,,,,No difference detected
m365.cloud.microsoft,,,,,,,No difference detected
m365cdn.nel.measure.office.net,,,,,,,No difference detected
mail.yahoo.com,,,,,,,No difference detected
manage.agent-cluster1.prod.us001-prod.arcticwolf.net,,,,,,,No difference detected
manage.agent-cluster2.prod.us001-prod.arcticwolf.net,,,,,,,No difference detected
manage.agent-cluster3.prod.us001-prod.arcticwolf.net,,,,,,,No difference detected
mansueto.map.fastly.net,,,,,,,No difference detected
mask-api.fe2.apple-dns.net,,,,,,,No difference detected
mask.apple-dns.net,,,,,,,No difference detected
mask.icloud.com,,,,,,,No difference detected
maupdateaccount.blob.core.windows.net,,,,,,,No difference detected
mcdp-nydc1.outbrain.com,,,,,,,No difference detected
md-hdd-0d4n3lsj52tn.z19.blob.storage.azure.net,,,,,,,No difference detected
md-hdd-vq0kcnvcn3rh.z13.blob.storage.azure.net,,,,,,,No difference detected
md-prod-simcon-ip0.westus.cloudapp.azure.com,,,,,,,No difference detected
md-prod-simcon-ip1.westus.cloudapp.azure.com,,,,,,,No difference detected
md-prod-simcon-ip128.eastus2.cloudapp.azure.com,,,,,,,No difference detected
mdav.us.endpoint.security.microsoft.com,,,,,,,No difference detected
meeting-container-r.wbx2.com,,,,,,,No difference detected
meetings.googleapis.com,,,,,,,No difference detected
mercury-connection-partition1-r.wbx2.com,,,,,,,No difference detected
metricsedge-continent-wrr.v.aaplimg.com,,,,,,,No difference detected
metrozone.newsroomlabs.com,,,,,,,No difference detected
microsoft.microsoftofficehub,,,,,,,No difference detected
mimosa.elwyn.org,,,,,,,No difference detected
mobile.events.data.microsoft.com,,,,,,,No difference detected
moe.fhr.net,,,,,,,No difference detected
mps-mde-prd-eus2-14.eastus2.cloudapp.azure.com,,,,,,,No difference detected
mqtt-mini.c10r.facebook.com,,,,,,,No difference detected
mqtt-mini.facebook.com,,,,,,,No difference detected
mqtt.c10r.facebook.com,,,,,,,No difference detected
mrs-jfk02-dfw02.webex.com,,,,,,,No difference detected
ms.applovin.com,,,,,,,No difference detected
msh.amazon.com,,,,,,,No difference detected
mv.outbrain.com,,,,,,,No difference detected
n.sni.global.fastly.net,,,,,,,No difference detected
na3-app.docusign.net,,,,,,,No difference detected
nam.loki.delve.office.com,,,,,,,No difference detected
netserver.prod.eastus2.kubernetes.azure.cudaops.com,,,,,,,No difference detected
nexusrules.officeapps.live.com,,,,,,,No difference detected
ngx-v4.amp-endpoint2.com,,,,,,,No difference detected
ngx-v6.amp-endpoint2.com,,,,,,,No difference detected
ngx-v6.amp-endpoint2.com.elwyn.org,,,,,,,No difference detected
nleditor.osi.office.net,,,,,,,No difference detected
north-america-mask.wrr.me.apple-dns.net,,,,,,,No difference detected
notifications-pa.googleapis.com,,,,,,,No difference detected
nps-collector-service-a.wbx2.com,,,,,,,No difference detected
nydc1.outbrain.org,,,,,,,No difference detected
o-sdk.mediation.unity3d.com,,,,,,,No difference detected
oauth-helper-prod.wbx2.com,,,,,,,No difference detected
oauth-helper-r.wbx2.com,,,,,,,No difference detected
oauth.officeapps.live.com,,,,,,,No difference detected
oauth2.googleapis.com,,,,,,,No difference detected
oauthaccountmanager.googleapis.com,,,,,,,No difference detected
ocsp.digicert.com,,,,,,,No difference detected
ocsp.entrust.net,,,,,,,No difference detected
ocws.officeapps.live.com,,,,,,,No difference detected
odb.outbrain.com,,,,,,,No difference detected
odc.officeapps.live.com,,,,,,,No difference detected
ods.trafficmanager.net,,,,,,,No difference detected
oec16-normal-useast5.tiktokv.us,,,,,,,No difference detected
oec19-normal-useast5.tiktokv.us,,,,,,,No difference detected
oneclient.sfx.ms,,,,,,,No difference detected
onedscolprdcus11.centralus.cloudapp.azure.com,,,,,,,No difference detected
onedscolprdcus20.centralus.cloudapp.azure.com,,,,,,,No difference detected
onedscolprdeus07.eastus.cloudapp.azure.com,,,,,,,No difference detected
onedscolprdeus10.eastus.cloudapp.azure.com,,,,,,,No difference detected
onedscolprdeus19.eastus.cloudapp.azure.com,,,,,,,No difference detected
onedscolprdeus23.eastus.cloudapp.azure.com,,,,,,,No difference detected
onedscolprdneu18.northeurope.cloudapp.azure.com,,,,,,,No difference detected
onedscolprdwus04.westus.cloudapp.azure.com,,,,,,,No difference detected
onedscolprdwus06.westus.cloudapp.azure.com,,,,,,,No difference detected
ooc-g2.tm-4.office.com,,,,,,,No difference detected
osiprod-ncus-buff-azsc-000.northcentralus.cloudapp.azure.com,,,,,,,No difference detected
outbrain.map.fastly.net,,,,,,,No difference detected
outlook-ww-perf-2.tm-4.office.com,,,,,,,No difference detected
outlook.cloud.microsoft,,,,,,,No difference detected
outlook.ms-acdc.office.com,,,,,,,No difference detected
outlook.office.com,,,,,,,No difference detected
outlook.office365.com,,,,,,,No difference detected
p-static.bing.trafficmanager.net,,,,,,,No difference detected
p-th.bing.com.trafficmanager.net,,,,,,,No difference detected
p19-oec-ttp.tiktokcdn-us.com,,,,,,,No difference detected
p19-oec-va.ibyteimg.com,,,,,,,No difference detected
p2p-ord1.discovery.steamserver.net,,,,,,,No difference detected
pagead2.googlesyndication.com,,,,,,,No difference detected
pancake.apple.com,,,,,,,No difference detected
pancake.g.aaplimg.com,,,,,,,No difference detected
partition-cname-trouter-ic3-edf-trouter-service-trouter-1.d02-013.ic3-edf-trouter.01-northcentralus-prod.cosmic.office.net,,,,,,,No difference detected
partition-cname-trouter-ic3-edf-trouter-service-trouter-1.d02-481.ic3-edf-trouter.01-westus-prod.cosmic.office.net,,,,,,,No difference detected
partition-cname-trouter-ic3-edf-trouter-service-trouter-2.d02-033.ic3-edf-trouter.01-westus-prod.cosmic.office.net,,,,,,,No difference detected
partition-cname-trouter-ic3-edf-trouter-service-trouter-2.d02-117.ic3-edf-trouter.01-eastus2-prod.cosmic.office.net,,,,,,,No difference detected
partition-cname-trouter.pub-ent-usnc-04.ic3-edf-trouter.northcentralus-prod.cosmic.office.net,,,,,,,No difference detected
partition-cname-trouter.pub-ent-usnc-07.ic3-edf-trouter.northcentralus-prod.cosmic.office.net,,,,,,,No difference detected
partition-cname-trouter.pub-ent-usnc-16.ic3-edf-trouter.northcentralus-prod.cosmic.office.net,,,,,,,No difference detected
partition-cname-trouter.pub-ent-ussc-05.ic3-edf-trouter.southcentralus-prod.cosmic.office.net,,,,,,,No difference detected
partition-cname-trouter.pub-ent-ussc-11.ic3-edf-trouter.southcentralus-prod.cosmic.office.net,,,,,,,No difference detected
partition-cname-trouter.pub-ent-uswe-03.ic3-edf-trouter.westus-prod.cosmic.office.net,,,,,,,No difference detected
partition-cname-trouter.pub-ent-uswe-09.ic3-edf-trouter.westus-prod.cosmic.office.net,,,,,,,No difference detected
people.webex.com,,,,,,,No difference detected
pgtmx1-word-telemetry-vip.officeapps.live.com,,,,,,,No difference detected
photosdata-pa.googleapis.com,,,,,,,No difference detected
play.google.com,,,,,,,No difference detected
play.googleapis.com,,,,,,,No difference detected
pool.ntp.org,,,,,,,No difference detected
portal.fb.com,,,,,,,No difference detected
prod-agic-ncu-2.northcentralus.cloudapp.azure.com,,,,,,,No difference detected
prod-aore-general.svc.webex.com,,,,,,,No difference detected
prod-data.acquisition.grammarlyaws.com,,,,,,,No difference detected
prod-eus-resolver.naturallanguageeditorservice.osi.office.net.akadns.net,,,,,,,No difference detected
prod-scout-reg.rootsoc.com,,,,,,,No difference detected
prod1.naturallanguageeditorservice.osi.office.net.akadns.net,,,,,,,No difference detected
proximity-a.wbx2.com,,,,,,,No difference detected
pub-ent-usea2-03-t.trouter.teams.microsoft.com,,,,,,,No difference detected
pub-ent-usea2-17-t.trouter.teams.microsoft.com,,,,,,,No difference detected
pub-ent-usnc-04-t.trouter.teams.microsoft.com,,,,,,,No difference detected
pub-ent-usnc-07-t.trouter.teams.microsoft.com,,,,,,,No difference detected
pub-ent-usnc-16-t.trouter.teams.microsoft.com,,,,,,,No difference detected
pub-ent-ussc-05-t.trouter.teams.microsoft.com,,,,,,,No difference detected
pub-ent-ussc-11-t.trouter.teams.microsoft.com,,,,,,,No difference detected
pub-ent-uswe-03-t.trouter.teams.microsoft.com,,,,,,,No difference detected
pub-ent-uswe-12-t.trouter.teams.microsoft.com,,,,,,,No difference detected
pubads.g.doubleclick.net,,,,,,,No difference detected
pus5-collabhubrtc.officeapps.live.com,,,,,,,No difference detected
pus5-vipcollabrtc.officeapps.live.com,,,,,,,No difference detected
qos.prod.warm.ingest.monitor.core.windows.net,,,,,,,No difference detected
query.ess-apple.com.akadns.net,,,,,,,No difference detected
query.ess.apple.com,,,,,,,No difference detected
r.bing.com,,,,,,,No difference detected
raindrop-r.wbx2.com,,,,,,,No difference detected
recognition.lansweeper.com,,,,,,,No difference detected
reminder-r.wbx2.com,,,,,,,No difference detected
res.cdn.office.net,,,,,,,No difference detected
res.public.onecdn.static.microsoft,,,,,,,No difference detected
restofworld.org,,,,,,,No difference detected
ricesedge.elwyn.org,,,,,,,No difference detected
roaming.officeapps.live.com,,,,,,,No difference detected
root.pnn.obihai.com,,,,,,,No difference detected
rosebud.elwyn.org,,,,,,,No difference detected
rosethorn.elwyn.org,,,,,,,No difference detected
rr1---sn-uhvcpax0n5-28qe.a1.googlevideo.com,,,,,,,No difference detected
rr2---sn-2ipaatpm-2iae.googlevideo.com,,,,,,,No difference detected
rr3---sn-vgqskns7.googlevideo.com,,,,,,,No difference detected
rt.applovin.com,,,,,,,No difference detected
rupload.facebook.com,,,,,,,No difference detected
s.innovid.com,,,,,,,No difference detected
s6-mst.vonageservices.com,,,,,,,No difference detected
safebrowsing.googleapis.com,,,,,,,No difference detected
saintpeterspalm.elwyn.org,,,,,,,No difference detected
sandoak.elwyn.org,,,,,,,No difference detected
scar-shared.unityads.unity3d.com,,,,,,,No difference detected
scar.unityads.unity3d.com,,,,,,,No difference detected
sch-15189.mosyle.com,,,,,,,No difference detected
scontent-iad3-2.xx.fbcdn.net,,,,,,,No difference detected
scontent.xx.fbcdn.net,,,,,,,No difference detected
scs.samsungqbe.com,,,,,,,No difference detected
sdk-01.moengage.com,,,,,,,No difference detected
secure-us.vtwenty.com,,,,,,,No difference detected
security.ubuntu.com,,,,,,,No difference detected
self-events-data.trafficmanager.net,,,,,,,No difference detected
self.events.data.microsoft.com,,,,,,,No difference detected
server.agent-cluster1.prod.us001-prod.arcticwolf.net,,,,,,,No difference detected
server.agent-cluster2.prod.us001-prod.arcticwolf.net,,,,,,,No difference detected
server.agent-cluster3.prod.us001-prod.arcticwolf.net,,,,,,,No difference detected
service-concierge.clusters.pluto.tv,,,,,,,No difference detected
service-status.webex.com,,,,,,,No difference detected
settings-prod-uks-1.uksouth.cloudapp.azure.com,,,,,,,No difference detected
settings-service-r.wbx2.com,,,,,,,No difference detected
settings-win.data.microsoft.com,,,,,,,No difference detected
shiftnews.com,,,,,,,No difference detected
signaler-pa.clients6.google.com,,,,,,,No difference detected
skydrive.wns.windows.com,,,,,,,No difference detected
smb-admin-service-r.wbx2.com,,,,,,,No difference detected
sn.splashtop.com,,,,,,,No difference detected
spectrum.s3.amazonaws.com,,,,,,,No difference detected
spo-ring.msedge.net,,,,,,,No difference detected
spov-ring-fallback.msedge.net,,,,,,,No difference detected
srcgw.api.splashtop.com,,,,,,,No difference detected
ssl.gstatic.com,,,,,,,No difference detected
st2-v3-dc.splashtop.com,,,,,,,No difference detected
star-mini.c10r.facebook.com,,,,,,,No difference detected
statics.teams.cdn.office.net,,,,,,,No difference detected
stats.pandora.com,,,,,,,No difference detected
status.webex.com,,,,,,,No difference detected
statusuniflowonline.azureedge.net,,,,,,,No difference detected
store-images.s-microsoft.com,,,,,,,No difference detected
stun.azure.com,,,,,,,No difference detected
substrate.office.com,,,,,,,No difference detected
substrate.svc.cloud.microsoft,,,,,,,No difference detected
swallow-apple-com.v.aaplimg.com,,,,,,,No difference detected
t-odx.op-mobile.opera.com,,,,,,,No difference detected
tdupdater,,,,,,,No difference detected
tdupdater.elwyn.org,,,,,,,No difference detected
teams-ring-fallback.msedge.net,,,,,,,No difference detected
teams.cloud.microsoft,,,,,,,No difference detected
teams.events.data.microsoft.com,,,,,,,No difference detected
teams.microsoft.com,,,,,,,No difference detected
telemetry-geo.docusign.net.akadns.net,,,,,,,No difference detected
telemetry.docusign.net,,,,,,,No difference detected
th.bing.com,,,,,,,No difference detected
theconversation.com,,,,,,,No difference detected
time.apple.com,,,,,,,No difference detected
time.google.com,,,,,,,No difference detected
tm-eu2-prod-adms-fe.trafficmanager.net,,,,,,,No difference detected
tm-sdk.platinumai.net,,,,,,,No difference detected
tpt.mediaplex.com,,,,,,,No difference detected
tr-ofc-atm.office.com,,,,,,,No difference detected
tr-ooc-atm-preprod.office.com,,,,,,,No difference detected
tr-ssc-mira.office.com,,,,,,,No difference detected
trouter-atm-pub-ent.trafficmanager.net,,,,,,,No difference detected
turing-writingassistance.edge.microsoft.com,,,,,,,No difference detected
turing-writingassistance.edge.microsoft.com.b-0005.b-msedge.net,,,,,,,No difference detected
u2c-r.wbx2.com,,,,,,,No difference detected
uhs-prod-cluster-ipv6.centraluseuap.cloudapp.azure.com,,,,,,,No difference detected
umsa4s5cv5qvrkpxlmjq.blob.core.windows.net,,,,,,,No difference detected
umsadn2d3rcl0hlww3bv.blob.core.windows.net,,,,,,,No difference detected
umsanxck4gvg3rq3n3k5.blob.core.windows.net,,,,,,,No difference detected
umsar2wm1s35xbc0mlwl.blob.core.windows.net,,,,,,,No difference detected
unagi-na.amazon.com,,,,,,,No difference detected
uncch.hosted.panopto.com,,,,,,,No difference detected
unifi.elwyn.org,,,,,,,No difference detected
unitedstates.cp.wd.microsoft.com,,,,,,,No difference detected
unitedstates.smartscreen.microsoft.com,,,,,,,No difference detected
update.googleapis.com,,,,,,,No difference detected
upload.fp.measure.office.com,,,,,,,No difference detected
upp160czpqzwgj4f1xnc4i9jdf5hv1756937172.uaid.vtwenty.com,,,,,,,No difference detected
us-mobile.events.data.microsoft.com,,,,,,,No difference detected
us-v10c.events.data.microsoft.com,,,,,,,No difference detected
us-v20.events.data.microsoft.com,,,,,,,No difference detected
us-v20.events.data.trafficmanager.net,,,,,,,No difference detected
us-v20.events.endpoint.security.microsoft.com,,,,,,,No difference detected
us.events.data.trafficmanager.net,,,,,,,No difference detected
us.vortex-win.data.microsoft.com,,,,,,,No difference detected
us1.ocws1.live.com.akadns.net,,,,,,,No difference detected
us1.odcsm1.live.com.akadns.net,,,,,,,No difference detected
usc-collabrtc-geo.rtc.trafficmanager.net,,,,,,,No difference detected
usc-collabrtc.officeapps.live.com,,,,,,,No difference detected
usc-excel-geo.wac.trafficmanager.net,,,,,,,No difference detected
usc-excel.officeapps.live.com,,,,,,,No difference detected
usc-excel.wac.trafficmanager.net.wac-0003.wac-dc-msedge.net.wac-0003.wac-msedge.net,,,,,,,No difference detected
usc-word-edit.officeapps.live.com,,,,,,,No difference detected
usc-word-edit.wac.trafficmanager.net.wac-0003.wac-dc-msedge.net.wac-0003.wac-msedge.net,,,,,,,No difference detected
usersub-r.wbx2.com,,,,,,,No difference detected
usiothubuniflow.azure-devices.net,,,,,,,No difference detected
vas.samsungapps.com,,,,,,,No difference detected
vast-use1.extremereach.io,,,,,,,No difference detected
vast2-dual-124287323.us-east-1.elb.amazonaws.com,,,,,,,No difference detected
vm112-proxy-appproxy-eus-bl2p-1.connector.msappproxy.net,,,,,,,No difference detected
vm112.proxy-appproxy-eus-bl2p-1.eastus.cloudapp.azure.com,,,,,,,No difference detected
vm19-proxy-appproxy-cus-dm2p-4.connector.msappproxy.net,,,,,,,No difference detected
vm20-proxy-appproxy-eus-bl2p-1.connector.msappproxy.net,,,,,,,No difference detected
vm21-proxy-appproxy-cus-dm2p-4.connector.msappproxy.net,,,,,,,No difference detected
vm21.proxy-appproxy-cus-dm2p-4.centralus.cloudapp.azure.com,,,,,,,No difference detected
vm3-proxy-appproxy-cus-dm2p-4.connector.msappproxy.net,,,,,,,No difference detected
vm31-proxy-appproxy-eus-bl2p-1.connector.msappproxy.net,,,,,,,No difference detected
vm36-proxy-appproxy-cus-dm2p-4.connector.msappproxy.net,,,,,,,No difference detected
vm36.proxy-appproxy-cus-dm2p-4.centralus.cloudapp.azure.com,,,,,,,No difference detected
vm41-proxy-appproxy-cus-dm2p-4.connector.msappproxy.net,,,,,,,No difference detected
vm41.proxy-appproxy-cus-dm2p-4.centralus.cloudapp.azure.com,,,,,,,No difference detected
vm45-proxy-appproxy-eus-bl2p-1.connector.msappproxy.net,,,,,,,No difference detected
vm46-proxy-appproxy-eus-bl2p-1.connector.msappproxy.net,,,,,,,No difference detected
vm46.proxy-appproxy-eus-bl2p-1.eastus.cloudapp.azure.com,,,,,,,No difference detected
vm62-proxy-appproxy-cus-dm2p-4.connector.msappproxy.net,,,,,,,No difference detected
vstelemetry.trafficmanager.net,,,,,,,No difference detected
wabi-us-east2-d-primary-comp-ev2.eastus2.cloudapp.azure.com,,,,,,,No difference detected
wabi-us-east2-d-primary-redirect.analysis.windows.net,,,,,,,No difference detected
wac-ring-fallback.msedge.net,,,,,,,No difference detected
wac-ring.msedge.net,,,,,,,No difference detected
wateroak.elwyn.org,,,,,,,No difference detected
wd-prod-cp-us-east-1-fe.eastus.cloudapp.azure.com,,,,,,,No difference detected
wd-prod-cp-us-east-2-fe.eastus.cloudapp.azure.com,,,,,,,No difference detected
wd-prod-cp-us-west-4-fe.westus.cloudapp.azure.com,,,,,,,No difference detected
wd-prod-cp-us.trafficmanager.net,,,,,,,No difference detected
wdatp-prd-eus2-10.eastus2.cloudapp.azure.com,,,,,,,No difference detected
wdm-r.wbx2.com,,,,,,,No difference detected
web-authentication-r.wbx2.com,,,,,,,No difference detected
web-fallback.facebook.com,,,,,,,No difference detected
web.facebook.com,,,,,,,No difference detected
webcast-ws16-normal-useast5.tiktokv.us,,,,,,,No difference detected
webcast16-normal-useast5.tiktokv.us,,,,,,,No difference detected
webcast19-normal-useast5.tiktokv.us,,,,,,,No difference detected
webex-app-1a.v.vonageservices.com,,,,,,,No difference detected
webex-cloud.v.vonageservices.com,,,,,,,No difference detected
wetfs.global-1.telemetry.insights.video.a2z.com,,,,,,,No difference detected
whitepine.elwyn.org,,,,,,,No difference detected
widgets.outbrain.com,,,,,,,No difference detected
widgets.outbrainimg.com,,,,,,,No difference detected
wildcard.outbrainimg.com.edgekey.net,,,,,,,No difference detected
winatp-gw-eus.microsoft.com,,,,,,,No difference detected
word-telemetry.officeapps.live.com,,,,,,,No difference detected
worldaz.relay.skype.trafficmanager.net,,,,,,,No difference detected
wpad.board.elwyn.org,,,,,,,No difference detected
wpad.elwyn.org,,,,,,,No difference detected
wpad.external.elwyn.org,,,,,,,No difference detected
wpad.fhr.net,,,,,,,No difference detected
wpad.reddog.microsoft.com,,,,,,,No difference detected
www-cloudfront-alias.coursera.org,,,,,,,No difference detected
www.bing.com,,,,,,,No difference detected
www.bonappetit.com,,,,,,,No difference detected
www.coursera.org,,,,,,,No difference detected
www.delldisplaymanagerwindows.com,,,,,,,No difference detected
www.facebook.com,,,,,,,No difference detected
www.fastcompany.com,,,,,,,No difference detected
www.google-analytics.com,,,,,,,No difference detected
www.google.com,,,,,,,No difference detected
www.googleapis.com,,,,,,,No difference detected
www.gstatic.com,,,,,,,No difference detected
www.hcsis.dhs.pa.gov,,,,,,,No difference detected
www.microsoft.com,,,,,,,No difference detected
www.msftconnecttest.com,,,,,,,No difference detected
www.msn.com,,,,,,,No difference detected
www.parents.com,,,,,,,No difference detected
www.quantamagazine.org,,,,,,,No difference detected
www.technologyreview.com,,,,,,,No difference detected
www.theguardian.com,,,,,,,No difference detected
www.youtube.com,,,,,,,No difference detected
wychelm.elwyn.org,,,,,,,No difference detected
x.com,,,,,,,No difference detected
x1.c.lencr.org,,,,,,,No difference detected
xlogr-ue1.xdr.trendmicro.com,,,,,,,No difference detected
z-m-gateway.facebook.com,,,,,,,No difference detected
zca-vm-79852119,,,,,,,No difference detected
